{"val_loss": [0.17396467443717184, 0.0825317630934206, 0.03524460738833658, 0.03830911504861486, 0.05438917503755657, 0.04293346579723551, 0.031206501953024067, 0.011809578306105104, 0.015483917358845967, 0.03191310605496436, 0.017224964253738883, 0.030669654924388553, 0.012406890339146687, 0.009890834844243435, 0.047534184000480685, 0.015230541551817307, 0.016915776893082966, 0.03032981144983088, 0.017489687769229236], "val_acc": [0.9353914289358337, 0.9704311579966648, 0.9915331511257123, 0.9887977074378013, 0.981242672919109, 0.9884069297902827, 0.993487039208024, 0.9966132603881724, 0.9960922235248144, 0.9916634101862707, 0.9960922235248144, 0.9933567799921844, 0.9979158525465677, 0.9981763709782467, 0.9895792627328384, 0.9975250748990491, 0.9963527419564934, 0.9936172984238635, 0.9973948156832095], "loss": [0.40001115054179104, 0.11686588421035801, 0.04861058764559564, 0.024913141702598725, 0.020168566140194036, 0.015206866830712495, 0.011091785221311106, 0.010929284301561261, 0.01560069179852895, 0.0115993416626998, 0.015660826597055345, 0.004284495154523656, 0.008226686926964152, 0.005485465694134439, 0.0061714510967163455, 0.008034813345802402, 0.011777020429225498, 0.003338593032431454, 0.008823242889540218], "acc": [0.8027575427925774, 0.9577716375219755, 0.9846772167797035, 0.9922409221580284, 0.9938876329230512, 0.9948365848893355, 0.9960367300231656, 0.9967065784699545, 0.9954506126322253, 0.9961762817829133, 0.9956180747655492, 0.9986603031064222, 0.9974322476206425, 0.9985765720505736, 0.9982416478271791, 0.9972368751569958, 0.9967065784699545, 0.9990510480337157, 0.9975717993803902]}